Type,Name,Request Count,Failure Count,Median Response Time,Average Response Time,Min Response Time,Max Response Time,Average Content Size,Requests/s,Failures/s,50%,66%,75%,80%,90%,95%,98%,99%,99.9%,99.99%,100%
GET,/user?start=300&end=400,173755,0,590.0,616.7459643913602,1.9412129999984984,7929.394949999988,5051.0,748.6463268359389,0.0,590,820,960,1000,1100,1200,1200,1400,6100,7100,7900
,Aggregated,173755,0,590.0,616.7459643913602,1.9412129999984984,7929.394949999988,5051.0,748.6463268359389,0.0,590,820,960,1000,1100,1200,1200,1400,6100,7100,7900
