Type,Name,Request Count,Failure Count,Median Response Time,Average Response Time,Min Response Time,Max Response Time,Average Content Size,Requests/s,Failures/s,50%,66%,75%,80%,90%,95%,98%,99%,99.9%,99.99%,100%
GET,/user?start=300&end=400,175953,0,560.0,586.6839115825637,2.560435999999555,7906.346205999995,5051.0,775.3133134460666,0.0,560,740,870,960,1100,1200,1300,1300,6100,7700,7900
,Aggregated,175953,0,560.0,586.6839115825637,2.560435999999555,7906.346205999995,5051.0,775.3133134460666,0.0,560,740,870,960,1100,1200,1300,1300,6100,7700,7900
